Datetime,Water Level (m)
2025-07-28 12:00:00,0.69369066
2025-07-28 13:00:00,0.49301264
2025-07-28 14:00:00,0.29626873
2025-07-28 15:00:00,0.11697909
2025-07-28 16:00:00,-0.0083081955
2025-07-28 17:00:00,0.043629486
2025-07-28 18:00:00,0.30864593
2025-07-28 19:00:00,0.5079597
2025-07-28 20:00:00,0.7820428
2025-07-28 21:00:00,1.005357
2025-07-28 22:00:00,1.084906
2025-07-28 23:00:00,0.95868015
2025-07-29 00:00:00,0.7065529
2025-07-29 01:00:00,0.51709723
2025-07-29 02:00:00,0.3313728
2025-07-29 03:00:00,0.15992089
2025-07-29 04:00:00,0.04608101
2025-07-29 05:00:00,0.115892604
2025-07-29 06:00:00,0.3749541
2025-07-29 07:00:00,0.5874109
2025-07-29 08:00:00,0.88463914
2025-07-29 09:00:00,1.1026043
2025-07-29 10:00:00,1.2088038
2025-07-29 11:00:00,1.1440977
2025-07-29 12:00:00,0.8822236
2025-07-29 13:00:00,0.6752579
2025-07-29 14:00:00,0.4777424
2025-07-29 15:00:00,0.2954136
2025-07-29 16:00:00,0.1425288
2025-07-29 17:00:00,0.08614049
2025-07-29 18:00:00,0.27604404
2025-07-29 19:00:00,0.49553356
2025-07-29 20:00:00,0.710606
2025-07-29 21:00:00,0.97640926
2025-07-29 22:00:00,1.1139857
2025-07-29 23:00:00,1.1015555
2025-07-30 00:00:00,0.8813574
2025-07-30 01:00:00,0.6888483
2025-07-30 02:00:00,0.5097976
2025-07-30 03:00:00,0.3404343
2025-07-30 04:00:00,0.21601224
2025-07-30 05:00:00,0.17353323
2025-07-30 06:00:00,0.35918048
2025-07-30 07:00:00,0.5656798
2025-07-30 08:00:00,0.7910862
2025-07-30 09:00:00,1.0564321
2025-07-30 10:00:00,1.202937
2025-07-30 11:00:00,1.2047735
2025-07-30 12:00:00,0.99306977
2025-07-30 13:00:00,0.7845497
2025-07-30 14:00:00,0.5992776
2025-07-30 15:00:00,0.42497683
2025-07-30 16:00:00,0.26934502
2025-07-30 17:00:00,0.16391128
2025-07-30 18:00:00,0.19914465
2025-07-30 19:00:00,0.41861808
2025-07-30 20:00:00,0.61191714
2025-07-30 21:00:00,0.8447957
2025-07-30 22:00:00,1.0496967
2025-07-30 23:00:00,1.1273392
2025-07-31 00:00:00,1.0267949
2025-07-31 01:00:00,0.8168953
2025-07-31 02:00:00,0.6510312
2025-07-31 03:00:00,0.48365837
2025-07-31 04:00:00,0.33779487
2025-07-31 05:00:00,0.23217627
2025-07-31 06:00:00,0.25469622
2025-07-31 07:00:00,0.4671342
2025-07-31 08:00:00,0.6593814
2025-07-31 09:00:00,0.8799013
2025-07-31 10:00:00,1.0795449
2025-07-31 11:00:00,1.152048
2025-07-31 12:00:00,1.0405755
2025-07-31 13:00:00,0.83569336
2025-07-31 14:00:00,0.6711819
2025-07-31 15:00:00,0.50852466
2025-07-31 16:00:00,0.3644119
2025-07-31 17:00:00,0.24574609
2025-07-31 18:00:00,0.2037861
2025-07-31 19:00:00,0.32873204
2025-07-31 20:00:00,0.5341496
2025-07-31 21:00:00,0.72648144
2025-07-31 22:00:00,0.9454024
2025-07-31 23:00:00,1.074779
2025-08-01 00:00:00,1.0780643
2025-08-01 01:00:00,0.9159191
2025-08-01 02:00:00,0.76970005
2025-08-01 03:00:00,0.6285933
2025-08-01 04:00:00,0.48956084
2025-08-01 05:00:00,0.38462216
2025-08-01 06:00:00,0.33573323
2025-08-01 07:00:00,0.43338463
2025-08-01 08:00:00,0.6220081
2025-08-01 09:00:00,0.79741555
2025-08-01 10:00:00,0.9956631
2025-08-01 11:00:00,1.1058517
2025-08-01 12:00:00,1.0824713
2025-08-01 13:00:00,0.9082501
2025-08-01 14:00:00,0.7658043
2025-08-01 15:00:00,0.6213314
2025-08-01 16:00:00,0.47815096
2025-08-01 17:00:00,0.36526728
2025-08-01 18:00:00,0.28462932
2025-08-01 19:00:00,0.2978994
2025-08-01 20:00:00,0.44471312
2025-08-01 21:00:00,0.6283185
2025-08-01 22:00:00,0.8044742
2025-08-01 23:00:00,0.98735714
2025-08-02 00:00:00,1.0728668
2025-08-02 01:00:00,1.0391245
2025-08-02 02:00:00,0.8923025
2025-08-02 03:00:00,0.77563
2025-08-02 04:00:00,0.65919495
2025-08-02 05:00:00,0.54502
2025-08-02 06:00:00,0.46966213
2025-08-02 07:00:00,0.4555325
2025-08-02 08:00:00,0.5501445
2025-08-02 09:00:00,0.7048215
2025-08-02 10:00:00,0.8512793
2025-08-02 11:00:00,0.9964229
2025-08-02 12:00:00,1.0430036
2025-08-02 13:00:00,0.9572155
2025-08-02 14:00:00,0.8290628
2025-08-02 15:00:00,0.7044575
2025-08-02 16:00:00,0.5861413
2025-08-02 17:00:00,0.47094128
2025-08-02 18:00:00,0.38522977
2025-08-02 19:00:00,0.33386937
2025-08-02 20:00:00,0.3686251
2025-08-02 21:00:00,0.49909416
2025-08-02 22:00:00,0.6619613
2025-08-02 23:00:00,0.8219456
2025-08-03 00:00:00,0.9747681
2025-08-03 01:00:00,1.053902
2025-08-03 02:00:00,1.0230466
2025-08-03 03:00:00,0.91453564
2025-08-03 04:00:00,0.820088
2025-08-03 05:00:00,0.7198371
2025-08-03 06:00:00,0.6287489
2025-08-03 07:00:00,0.55368876
2025-08-03 08:00:00,0.5426165
2025-08-03 09:00:00,0.58561754
2025-08-03 10:00:00,0.68430054
2025-08-03 11:00:00,0.8031268
2025-08-03 12:00:00,0.8971073
